company_name,category_name,product_name,product_image,product_description,calorie_info,product_url
Wendy's,What's New,Grilled Cheese Cheeseburger Single,https://www.wendys.com/sites/default/files/styles/max_650x650/public/2025-10/Grilled%20Cheese%20Single%20%281%29_0.png?itok=qfeW76AR,"Cheeseburgers are great. Grilled Cheese Sandwiches are great. A Grilled Cheese Cheeseburger is NEXT LEVEL. Our new Grilled Cheese Cheeseburger comes with one patty of Wendy’s fresh beef, topped with caramelized onions, creamy mayo, and a melty cheese slice, all served between even more cheese with two grilled cheese sandwiches as buns.  It’s the ultimate craving crushing sandwich!",843 kcal,https://www.wendys.com/en-gb/grilled-cheese-cheeseburger-single
Wendy's,What's New,Grilled Cheese Cheeseburger Double,https://www.wendys.com/sites/default/files/styles/max_650x650/public/2025-10/Grilled%20Cheese%20Double_0.png?itok=k6TP7_UF,"Cheeseburgers are great. Grilled Cheese Sandwiches are great. A Grilled Cheese Cheeseburger is NEXT LEVEL. Our new Grilled Cheese Cheeseburger comes with two patties of Wendy’s fresh beef, topped with caramelized onions, creamy mayo, and a melty cheese slice, all served between even more cheese with two grilled cheese sandwiches as buns.  It’s the ultimate craving crushing sandwich!",1250 kcal,https://www.wendys.com/en-gb/grilled-cheese-cheeseburger-double
Wendy's,What's New,Grilled Cheese Cheeseburger Tripple,https://www.wendys.com/sites/default/files/styles/max_650x650/public/2025-10/Grilled%20Cheese%20Tripple_0.png?itok=TKewELTP,"Cheeseburgers are great. Grilled Cheese Sandwiches are great. A Grilled Cheese Cheeseburger is NEXT LEVEL. Our new Grilled Cheese Cheeseburger comes with three patties of Wendy’s fresh beef, topped with caramelized onions, creamy mayo, and a melty cheese slice, all served between even more cheese with two grilled cheese sandwiches as buns.  It’s the ultimate craving crushing sandwich!",1657 kcal,https://www.wendys.com/en-gb/grilled-cheese-cheeseburger-tripple
Wendy's,What's New,Regular Vanilla Biscoff® Frosty®,https://www.wendys.com/sites/default/files/styles/max_650x650/public/2025-10/BISCOFF%20FROSTY%20-%20VANILLA_0.png?itok=VuE1WrJa,"Wendy’s signature Vanilla Frosty® swirled together with decadent Biscoff®Topping sauce and topped with crunchy Biscoff®Crumb. It is the ultimate dessert experience, only at Wendy’s!",532 kcal,https://www.wendys.com/en-gb/regular-vanilla-biscoffr-frostyr
Wendy's,What's New,Large Vanilla Biscoff® Frosty®,https://www.wendys.com/sites/default/files/styles/max_650x650/public/2025-10/BISCOFF%20FROSTY%20-%20VANILLA_1.png?itok=0zbaWemH,"Wendy’s signature Vanilla Frosty® swirled together with decadent Biscoff®Topping sauce and topped with crunchy Biscoff®Crumb. It is the ultimate dessert experience, only at Wendy’s!",605 kcal,https://www.wendys.com/en-gb/large-vanilla-biscoffr-frostyr
Wendy's,What's New,Regular Chocolate Biscoff® Frosty®,https://www.wendys.com/sites/default/files/styles/max_650x650/public/2025-10/BISCOFF%20FROSTY%20-%20CHOC_0.png?itok=uAbShYew,"Wendy’s signature Chocolate Frosty® swirled together with decadent Biscoff®Topping sauce and topped with crunchy Biscoff®Crumb. It is the ultimate dessert experience, only at Wendy’s!",506 kcal,https://www.wendys.com/en-gb/regular-chocolate-biscoffr-frostyr
Wendy's,What's New,Large Chocolate Biscoff® Frosty®,https://www.wendys.com/sites/default/files/styles/max_650x650/public/2025-10/BISCOFF%20FROSTY%20-%20CHOC_2.png?itok=DI5g9gKV,"Wendy’s signature Chocolate Frosty® swirled together with decadent Biscoff®Topping sauce and topped with crunchy Biscoff®Crumb. It is the ultimate dessert experience, only at Wendy’s!",582 kcal,https://www.wendys.com/en-gb/large-chocolate-biscoffr-frostyr
Wendy's,What's New,3 Pc Chicken Tenders,https://www.wendys.com/sites/default/files/styles/max_650x650/public/2025-09/3%20PC%20Tenders_0.png?itok=okl2joqx,"3 pieces of real, juicy chicken fillet lightly breaded and fried for a crispy, delicious bite.  Pair with your favourite sauce from our bold new lineup and you have a match made in heaven.",257 kcal,https://www.wendys.com/en-gb/3-pc-chicken-tenders
Wendy's,What's New,3 Pc Chicken Tenders Combo,https://www.wendys.com/sites/default/files/styles/max_650x650/public/2025-09/3%20PC%20Tenders%20Combo_0.png?itok=umRMNqN_,"3 pieces of real, juicy chicken fillet lightly breaded and fried for a crispy, delicious bite.  Pair with your favourite sauce from our bold new lineup and you have a match made in heaven.",433 - 633 kcal,https://www.wendys.com/en-gb/3-pc-chicken-tenders-combo
Wendy's,What's New,5 Pc Chicken Tenders,https://www.wendys.com/sites/default/files/styles/max_650x650/public/2025-09/5%20PC%20Tenders_0.png?itok=szu8Y2u-,"5 pieces of real, juicy chicken fillet lightly breaded and fried for a crispy, delicious bite.  Pair with your favourite sauce from our bold new lineup and you have a match made in heaven.",433 kcal,https://www.wendys.com/en-gb/5-pc-chicken-tenders
Wendy's,What's New,5 Pc Chicken Tenders Combo,https://www.wendys.com/sites/default/files/styles/max_650x650/public/2025-09/5%20PC%20Tenders%20Combo_0.png?itok=J6vRlMF2,"5 pieces of real, juicy chicken fillet lightly breaded and fried for a crispy, delicious bite.  Pair with your favourite sauce from our bold new lineup and you have a match made in heaven.",609 - 809 kcal,https://www.wendys.com/en-gb/5-pc-chicken-tenders-combo
Wendy's,What's New,Wendy's Signature Dip Pot,https://www.wendys.com/sites/default/files/styles/max_650x650/public/2025-09/Wendy%27s%20Signature_0.png?itok=62m8VAy3,,,https://www.wendys.com/en-gb/wendys-signature-dip-pot
Wendy's,What's New,Smokin' Hot Dip Pot,https://www.wendys.com/sites/default/files/styles/max_650x650/public/2025-09/Smokin%27%20Hot%20Dip%20Pot_0.png?itok=5jw5deC8,,,https://www.wendys.com/en-gb/smokin-hot-dip-pot-0
Wendy's,What's New,Buttermilk Ranch Dip Pot,https://www.wendys.com/sites/default/files/styles/max_650x650/public/2025-09/Buttermilk%20Ranch%20Dip%20Pot%20%281%29.png?itok=VzPWzwMD,,,https://www.wendys.com/en-gb/buttermilk-ranch-dip-pot-0
Wendy's,What's New,Honey BBQ Dip Pot,https://www.wendys.com/sites/default/files/styles/max_650x650/public/2025-09/BBQ%20Dip%20Pot_0.png?itok=zS3SIcxj,,,https://www.wendys.com/en-gb/honey-bbq-dip-pot-0
Wendy's,What's New,Sweet Chili Dip Pot,https://www.wendys.com/sites/default/files/styles/max_650x650/public/2025-09/Sweet%20Chilli_0.png?itok=Neea3qv2,,,https://www.wendys.com/en-gb/sweet-chili-dip-pot-0
Wendy's,Breakfast Combos,Classic Egg & Cheese Sandwich Combo,https://www.wendys.com/sites/default/files/styles/max_650x650/public/2025-11/Egg%20Cheese%20Combo_0.png?itok=dtpWO-5S,A fresh-cracked free range egg on a warm Muffin with melted American cheese. Meet your new morning favourite.,611 - 694 kcal,https://www.wendys.com/en-gb/classic-egg-cheese-sandwich-combo-0
Wendy's,Breakfast Combos,"Classic Bacon, Egg & Cheese Sandwich Combo",https://www.wendys.com/sites/default/files/styles/max_650x650/public/2025-04/Flattened_PNG-2025_ClassicBaconEggCheeseCombo_UK_0.png?itok=iEwRsEy2,"A fresh-cracked free range egg, Applewood smoked bacon covered in cheese on a warm  Muffin. Simple breakfast perfection.",676 - 759 kcal,https://www.wendys.com/en-gb/classic-bacon-egg-cheese-sandwich-combo
Wendy's,Breakfast Combos,"Classic Sausage, Egg & Cheese Sandwich Combo",https://www.wendys.com/sites/default/files/styles/max_650x650/public/2025-04/Flattened_PNG-2025_ClassicSausageEggCheeseCombo_UK_0.png?itok=H8oh2Rvg,"We say basic breakfasts are cancelled. So we’re going all in with the breakfast combo featuring a piping hot sausage and egg muffin from the Wendy’s breakfast menu.The morning makerSandwiched between a soft, warm muffin, you’ll find a fresh-cracked free-range egg and a juicy grilled sausage covered in a blanket of melted cheese for simple breakfast perfection. Our sausage, egg and cheese sandwich is comfort food that never misses.Crank it up a notch with a warm drink and tasty hash brown bites made with fresh potatoes, seasoned with white pepper, onion powder and salt. Delicious.",769 - 852 kcal,https://www.wendys.com/en-gb/classic-sausage-egg-cheese-sandwich-combo
Wendy's,Breakfast Combos,"Breakfast Baconator Combo, Heinz Ketchup",https://www.wendys.com/sites/default/files/styles/max_650x650/public/2025-11/Baconator%20Combo%20%281%29_0.png?itok=PgQ60ZoL,"Grilled sausage, American cheese, Applewood smoked bacon, a fresh-cracked free range egg, (deep breath) more cheese and more bacon all with Heinz Ketchup. Don't just break your fast. Destroy it.",920 - 1003 kcal,https://www.wendys.com/en-gb/breakfast-baconator-combo-heinz-ketchup
Wendy's,Breakfast Combos,"Breakfast Baconator Combo, HP Brown Sauce",https://www.wendys.com/sites/default/files/styles/max_650x650/public/2025-06/Baconator%20Breakfast%20HP_0.png?itok=41bNP8m6,"Grilled sausage, American cheese, Applewood smoked bacon, a fresh-cracked free range egg, (deep breath) more cheese and more bacon all with HP Brown Sauce. Don't just break your fast. Destroy it.",920 - 1007 kcal,https://www.wendys.com/en-gb/breakfast-baconator-combo-hp-brown-sauce
Wendy's,Breakfast Combos,"Bacon Breakfast Wrap Combo, HP Brown Sauce",https://www.wendys.com/sites/default/files/styles/max_650x650/public/2025-04/Flattened_PNG-2025_PHOTO_BACONWrapCombo-UK_HP_0.png?itok=SHvwzekt,"A soft, flour tortilla packed with Applewood Smoked bacon, crispy has brown bites, a fresh-cracked free-range egg, melted cheese and HP Brown Sauce. The answer to the question, “What if the greatest breakfast sandwich wasn’t a sandwich at all?”",647 - 730 kcal,https://www.wendys.com/en-gb/bacon-breakfast-wrap-combo-hp-brown-sauce-0
Wendy's,Breakfast Combos,"Sausage Breakfast Wrap Combo, HP Brown Sauce",https://www.wendys.com/sites/default/files/styles/max_650x650/public/2025-11/Sausage%20Wrap%20Combo_0.png?itok=7c39piJZ,"A soft, flour tortilla packed with sausage, crispy hash brown bites, a fresh-cracked free-range egg, melted cheese and HP Brown Sauce. The only thing cozier than this breakfast is your bed.",731 - 823 kcal,https://www.wendys.com/en-gb/sausage-breakfast-wrap-combo-hp-brown-sauce-0
Wendy's,Breakfast Combos,"Bacon Breakfast Wrap Combo, Heinz Ketchup",https://www.wendys.com/sites/default/files/styles/max_650x650/public/2025-04/Flattened_PNG-2025_PHOTO_BACONWrapCombo-UK_KETCHUP_0.png?itok=YMV4uPE_,"A soft, flour tortilla packed with Applewood Smoked bacon, crispy hash brown bites, a fresh-cracked free-range egg, melted cheese and Heinz Ketchup. The answer to the question, “What if the greatest breakfast sandwich wasn’t a sandwich at all?”",643 - 730 kcal,https://www.wendys.com/en-gb/bacon-breakfast-wrap-combo-heinz-ketchup-0
Wendy's,Breakfast Combos,"Sausage Breakfast Wrap Combo, Heinz Ketchup",https://www.wendys.com/sites/default/files/styles/max_650x650/public/2025-11/Sausage%20wrap%20combo%20red_0.png?itok=DhPhyhUa,"A soft, flour tortilla packed with sausage, crispy hash brown bites, a fresh-cracked free-range egg, melted cheese and Heinz Ketchup. The only thing cozier than this breakfast is your bed.",731 - 823 kcal,https://www.wendys.com/en-gb/sausage-breakfast-wrap-combo-heinz-ketchup-0
Wendy's,Breakfast Combos,Egg & Cheese Breakfast Wrap Combo – HP Brown Sauce,https://www.wendys.com/sites/default/files/styles/max_650x650/public/2025-10/Egg%20%26%20Cheese%20Wrap%20Combo%20Brown_0.png?itok=1sXkTvzp,"A soft, flour tortilla packed with crispy hash brown bites, a fresh-cracked free-range egg, melted cheese and HP Brown Sauce. The answer to the question, “What if the greatest breakfast sandwich wasn’t a sandwich at all?”",561 - 646 kcal,https://www.wendys.com/en-gb/egg-cheese-breakfast-wrap-combo-hp-brown-sauce-1
Wendy's,Breakfast Combos,Egg & Cheese Breakfast Wrap Combo – Heinz Ketchup,https://www.wendys.com/sites/default/files/styles/max_650x650/public/2025-10/Egg%20%26%20Cheese%20Wrap%20Combo%20Red_0.png?itok=qwuNCjao,"A soft, flour tortilla packed with crispy hash brown bites, a fresh-cracked free-range egg, melted cheese and Heinz Ketchup. The answer to the question, “What if the greatest breakfast sandwich wasn’t a sandwich at all?”",561 - 646 kcal,https://www.wendys.com/en-gb/egg-cheese-breakfast-wrap-combo-heinz-ketchup-1
Wendy's,Breakfast Sandwiches,"Breakfast Baconator, Heinz Ketchup",https://www.wendys.com/sites/default/files/styles/max_650x650/public/2025-04/Flattened_PNG-2025_Photo_Breakfast%20BACONATOR_KETCHUP_0.png?itok=l5KOvDRI,"Grilled sausage, American cheese, Applewood smoked bacon, a fresh-cracked free range egg, (deep breath) more cheese and more bacon all with Heinz Ketchup. Don't just break your fast. Destroy it.",628 kcal,https://www.wendys.com/en-gb/breakfast-baconator-heinz-ketchup
Wendy's,Breakfast Sandwiches,"Breakfast Baconator, HP Brown Sauce",https://www.wendys.com/sites/default/files/styles/max_650x650/public/2025-04/Flattened_PNG-2025_Photo_Breakfast%20BACONATOR_HP_0.png?itok=40E0CHqr,"Grilled sausage, American cheese, Applewood smoked bacon, a fresh-cracked free range egg, (deep breath) more cheese and more bacon all with HP Brown Sauce. Don't just break your fast. Destroy it.",632 kcal,https://www.wendys.com/en-gb/breakfast-baconator-hp-brown-sauce
Wendy's,Breakfast Sandwiches,Classic Egg & Cheese Sandwich,https://www.wendys.com/sites/default/files/styles/max_650x650/public/2025-06/Egg%26%20Cheese.png?itok=gCo4qLgj,A fresh-cracked free range egg on a warm Muffin with melted American cheese. Meet your new morning favourite.,319 kcal,https://www.wendys.com/en-gb/menu-items/egg-cheese-sandwich
Wendy's,Breakfast Sandwiches,Classic Sausage Egg & Cheese Sandwich,https://www.wendys.com/sites/default/files/styles/max_650x650/public/2025-06/Sausage%20Egg%26%20Cheese.png?itok=NhtNVu4W,A fresh-cracked free range egg and a grilled breakfast sausage covered in cheese on a warm Muffin. Simple breakfast perfection.,459 kcal,https://www.wendys.com/en-gb/menu-items/sausage-cheese-sandwich
Wendy's,Breakfast Sandwiches,Classic Bacon Egg & Cheese Sandwich,https://www.wendys.com/sites/default/files/styles/max_650x650/public/2025-06/Bacon%20Egg%26%20Cheese.png?itok=3Uc4GIE-,"A fresh-cracked free range egg, Applewood smoked bacon covered in cheese on a warm Muffin. Simple breakfast perfection.",375 kcal,https://www.wendys.com/en-gb/menu-items/bacon-cheese-sandwich
Wendy's,Breakfast Sandwiches,Egg Double Stack,https://www.wendys.com/sites/default/files/styles/max_650x650/public/2024-10/EggDoublestack_UK_0.png?itok=QSdxRxdA,,419 kcal,https://www.wendys.com/en-gb/egg-double-stack
Wendy's,Breakfast Sandwiches,"Sausage butty, HP Brown Sauce",https://www.wendys.com/sites/default/files/styles/max_650x650/public/2024-08/400x400_Kiosk_Breakfast-Buttys_SausageWBrown_UK_0.png?itok=2PR5o9yO,Rise and dine with the only sausage bap that’s worth getting out of bed for. It’s so simple but so good.Breakfast blissThis sausage butty from our Wendy’s breakfast menu comes with a juicy grilled sausage slathered with HP Brown Sauce all nestled inside a warm freshly toasted bun. The sausage breakfast roll is satisfying on its own or you can step it up with a hot drink and tasty breakfast side. No frills needed.,319 kcal,https://www.wendys.com/en-gb/sausage-butty-hp-brown-sauce
Wendy's,Breakfast Sandwiches,"Bacon butty, HP Brown Sauce",https://www.wendys.com/sites/default/files/styles/max_650x650/public/2024-08/400x400_Kiosk_Breakfast-Buttys_BaconWBrown_UK_0.png?itok=YcrLwgTh,"Applewood smoked bacon served on a freshly toasted bun, with HP brown Sauce. Bacon Bliss on a Budget.",246 kcal,https://www.wendys.com/en-gb/bacon-butty-hp-brown-sauce
Wendy's,Breakfast Sandwiches,"Sausage butty, Heinz Ketchup",https://www.wendys.com/sites/default/files/styles/max_650x650/public/2024-08/400x400_Kiosk_Breakfast-Buttys_SausageWKetchup_UK_0.png?itok=VpDw1hxH,Rise and dine with the only sausage bap that’s worth getting out of bed for. It’s so simple but so good.Breakfast blissThis sausage butty from our Wendy’s breakfast menu comes with a juicy grilled sausage slathered with Heinz Ketchup all nestled inside a warm freshly toasted bun. The sausage breakfast roll is satisfying on its own or you can step it up with a hot drink and tasty breakfast side. No frills needed.,315 kcal,https://www.wendys.com/en-gb/sausage-butty-heinz-ketchup
Wendy's,Breakfast Sandwiches,"Bacon butty, Heinz Ketchup",https://www.wendys.com/sites/default/files/styles/max_650x650/public/2024-08/400x400_Kiosk_Breakfast-Buttys_BaconWketchup_UK_0.png?itok=Z3i078qN,"Applewood smoked bacon served on a freshly toasted bun, with Heinz ketchup. Bacon Bliss on a Budget",242 kcal,https://www.wendys.com/en-gb/bacon-butty-heinz-ketchup
Wendy's,Breakfast Wraps,"Bacon Breakfast Wrap, HP Brown Sauce",https://www.wendys.com/sites/default/files/styles/max_650x650/public/2025-04/Flattened_PNG-2025_Photo_Breakfast%20Wrap_Bacon_HP_0.png?itok=sU1yBu-R,"A soft, flour tortilla packed with Applewood Smoked bacon, crispy hash brown bites, a fresh-cracked free-range egg, melted cheese and HP Brown Sauce. The answer to the question, “What if the greatest breakfast sandwich wasn’t a sandwich at all?”",355 kcal,https://www.wendys.com/en-gb/bacon-breakfast-wrap-hp-brown-sauce-0
Wendy's,Breakfast Wraps,"Sausage Breakfast Wrap, HP Brown Sauce",https://www.wendys.com/sites/default/files/styles/max_650x650/public/2025-04/Flattened_PNG-2025_Photo_Breakfast%20Wrap_Sausage_HP_0.png?itok=tBHvFsNf,"A soft, flour tortilla packed with sausage, crispy hash brown bites, a fresh-cracked free-range egg, melted cheese and HP Brown Sauce. The only thing cozier than this breakfast is your bed.",452 kcal,https://www.wendys.com/en-gb/sausage-breakfast-wrap-hp-brown-sauce-0
Wendy's,Breakfast Wraps,"Bacon Breakfast Wrap, Heinz Ketchup",https://www.wendys.com/sites/default/files/styles/max_650x650/public/2025-04/Flattened_PNG-2025_Photo_Breakfast%20Wrap_Bacon_Ketchup_0.png?itok=1l5WuirK,"A soft, flour tortilla packed with Applewood Smoked bacon, crispy hash brown bites, a fresh-cracked free-range egg, melted cheese and Heinz Ketchup. The answer to the question, “What if the greatest breakfast sandwich wasn’t a sandwich at all?”",355 kcal,https://www.wendys.com/en-gb/bacon-breakfast-wrap-heinz-ketchup-0
Wendy's,Breakfast Wraps,"Sausage Breakfast Wrap, Heinz Ketchup",https://www.wendys.com/sites/default/files/styles/max_650x650/public/2025-04/Flattened_PNG-2025_Photo_Breakfast%20Wrap_Sausage_Ketchup_0.png?itok=MN0Rb06S,"A soft, flour tortilla packed with sausage, crispy hash brown bites, a fresh-cracked free-range egg, melted cheese and Heinz Ketchup. The only thing cozier than this breakfast is your bed.",448 kcal,https://www.wendys.com/en-gb/sausage-breakfast-wrap-heinz-ketchup-0
Wendy's,Breakfast Wraps,"Egg & Cheese Breakfast Wrap, HP Brown Sauce",https://www.wendys.com/sites/default/files/styles/max_650x650/public/2025-04/Flattened_PNG-2025_Photo_Breakfast%20Wrap_egg_HP_0.png?itok=RnsdaKse,"A soft, flour tortilla packed with crispy hash brown bites, a fresh-cracked free-range egg, melted cheese and HP Brown Sauce. The answer to the question, “What if the greatest breakfast sandwich wasn’t a sandwich at all?”",290 kcal,https://www.wendys.com/en-gb/egg-cheese-breakfast-wrap-hp-brown-sauce-0
Wendy's,Breakfast Wraps,"Egg & Cheese Breakfast Wrap, Heinz Ketchup",https://www.wendys.com/sites/default/files/styles/max_650x650/public/2025-04/Flattened_PNG-2025_Photo_Breakfast%20Wrap_egg_Ketchup_0.png?itok=Pm86WGov,"A soft, flour tortilla packed with crispy hash brown bites, a fresh-cracked free-range egg, melted cheese and Heinz Ketchup. The answer to the question, “What if the greatest breakfast sandwich wasn’t a sandwich at all?”",290 kcal,https://www.wendys.com/en-gb/egg-cheese-breakfast-wrap-heinz-ketchup-0
Wendy's,Breakfast Sides,Small Hash Brown Bites,https://www.wendys.com/sites/default/files/styles/max_650x650/public/2025-05/400x400_Kiosk-4aa12cfb-669e-4dff-b07e-43f3fa131b4c_0.png?itok=KEa4ZJwg,,194 kcal,https://www.wendys.com/en-gb/small-hash-brown-bites
Wendy's,Breakfast Sides,Medium Hash Brown Bites,https://www.wendys.com/sites/default/files/styles/max_650x650/public/2025-05/400x400_Kiosk-4e062404-c646-4865-9ebb-bdb8e1952a22_0.png?itok=iSY1FAdJ,,271 kcal,https://www.wendys.com/en-gb/medium-hash-brown-bites
Wendy's,Breakfast Sides,Large Hash Brown Bites,https://www.wendys.com/sites/default/files/styles/max_650x650/public/2025-05/400x400_Kiosk-6442f224-5f1d-4a2a-8ee2-de9f7add35bc_0.png?itok=YoQ8yS55,,356 kcal,https://www.wendys.com/en-gb/large-hash-brown-bites
Wendy's,Breakfast Sides,Mini Doughnuts - 6pc,https://www.wendys.com/sites/default/files/styles/max_650x650/public/2025-02/600x400_MobileAPP-b5d7a4b1-1da9-40b6-a689-2cdd03e81a8c_0.png?itok=1CzAkyjn,"Delight in a bite-sized treat! Light and fluffy mini ring doughnuts coated with a sugar and cinnamon topping.​ Available all-day, treat yourself to a playful, nostalgic dessert that's impossible to resist!",321 kcal,https://www.wendys.com/en-gb/mini-doughnuts-6pc
Wendy's,Biggie Deals,Biggie Bag £5,https://www.wendys.com/sites/default/files/styles/max_650x650/public/2025-05/Biggie%20Bag%205-min_0.png?itok=Gok4-Xkg,"Fresh beef topped with cheese, pickles, onions, tomatoes, crisp lettuce, Heinz ketchup, and Heinz mayo. 4 Pieces of chicken fillet lightly breaded for a crispy outer, then fried to seal in the juicy goodness all with small fries and a small drink.",611 - 778 kcal,https://www.wendys.com/en-gb/biggie-bag-ps5
Wendy's,Biggie Deals,Biggie Bag £7.99 – Spicy Chicken,https://www.wendys.com/sites/default/files/styles/max_650x650/public/2025-05/Flattened_PNG-2025_UK_Spicy-BiggieBag-min_0.png?itok=1j-M_t3a,"A juicy chicken breast marinated and breaded in our unique, fiery blend of peppers and spices to deliver more flavour inside and out, cooled down with crisp lettuce, tomato, and Heinz mayo. It's the original spicy chicken sandwich, and the one you crave. 4 Pieces of chicken fillet lightly breaded for a crispy outer, then fried to seal in the juicy goodness all with small fries and a small drink.",640-803 kcal,https://www.wendys.com/en-gb/biggie-bag-ps799-spicy-chicken
Wendy's,Biggie Deals,Biggie Bag £7.99 – Wendy’s Single,https://www.wendys.com/sites/default/files/styles/max_650x650/public/2025-05/Biggie%20Bag%207.99-min_1.png?itok=zd3TrO1n,"A quarter pound* of fresh beef, American cheese, crisp lettuce, tomato, pickle, Heinz ketchup, Heinz mayo, and onion on a toasted bun just the way Dave intended. 4 Pieces of chicken fillet lightly breaded for a crispy outer, then fried to seal in the juicy goodness all with small fries and a small drink.",761-927 kcal,https://www.wendys.com/en-gb/biggie-bag-ps799-wendys-single
Wendy's,Biggie Deals,Biggie Bag £7.99 – Classic Chicken,https://www.wendys.com/sites/default/files/styles/max_650x650/public/2025-10/Biggie%20Bag%20-%20Classic%20Chicken_0.png?itok=sDyw4h2z,"Our Classic Chicken Sandwich is prepared to perfection using a juicy, lightly breaded, crispy chicken breast. It’s then sandwiched in a toasted bun alongside crunchy lettuce, ripe tomato, pickles and Heinz mayo. Perfectly paired with our nuggets - 4 pieces of chicken fillet lightly breaded for a crispy outer, then fried to seal in the juicy goodness all with small fries and a small drink.",645 - 812 kcal,https://www.wendys.com/en-gb/biggie-bag-ps799-classic-chicken
Wendy's,Combos,Wendy's Single Combo,https://www.wendys.com/sites/default/files/styles/max_650x650/public/2025-10/Single%20Combo_0.png?itok=qm2wcbKk,"A burger and fries – a match made in food heaven. Add a refreshing drink and you’ve got a seriously good combo for seriously good value.A champion comboStart with a quarter-pound* of fresh beef hot off the grill topped with American cheese, crisp lettuce, ripe tomato, pickle, onion, Heinz ketchup and Heinz mayo all sandwiched between a toasted bun.For more bang for your buck, add a regular soft drink and a side of our signature fries. Natural–cut, skin-on, sea-salted, our French fries are crispy and golden brown on the outside and warm and fluffy on the inside.You’ve got yourself a Wendy’s Combo.",842 - 1039 kcal,https://www.wendys.com/en-gb/menu-items/daves-single-combo
Wendy's,Combos,Wendy's Double Combo,https://www.wendys.com/sites/default/files/styles/max_650x650/public/2025-10/Double%20Combo_0.png?itok=yROoyfXo,"A half-pound* of fresh beef, American cheese, crisp lettuce, tomato, pickle, Heinz ketchup, Heinz mayo, and onion on a toasted bun. More meat means more to love.  May contain EGG.",1117 - 1314 kcal,https://www.wendys.com/en-gb/menu-items/daves-double-combo
Wendy's,Combos,Wendy's Triple Combo,https://www.wendys.com/sites/default/files/styles/max_650x650/public/2025-10/Triple%20Combo_0.png?itok=zcs3h3k1,"Ready to meet the heavyweight champ of all things beef? Enter the Wendy’s Triple Cheeseburger.The triple threatOur triple cheeseburger comes stacked with three quarters of pound* of fresh beef straight from the grill. It’s then piled high with American cheese, crisp lettuce, ripe tomato, pickle, onion, Heinz ketchup and Heinz mayo all sandwiched between a warm toasted bun. You’re going to need both hands for this one!",1433 - 1631 kcal,https://www.wendys.com/en-gb/menu-items/daves-triple-combo
Wendy's,Combos,Baconator Combo,https://www.wendys.com/sites/default/files/styles/max_650x650/public/2025-10/Baconator%20Combo_0.png?itok=xKQ_GQf8,"A half-pound* of fresh beef, American cheese, 6 pieces of crispy Applewood smoked bacon, Heinz ketchup, and Heinz mayo. Carnivores rejoice!",1238 - 1436 kcal,https://www.wendys.com/en-gb/menu-items/baconator-combo
Wendy's,Combos,Grilled Cheese Cheeseburger Single Combo,https://www.wendys.com/sites/default/files/styles/max_650x650/public/2025-10/GRILLED%20CHEESE%20-%20SINGLE_0.png?itok=9KkSHeyA,"Cheeseburgers are great. Grilled Cheese Sandwiches are great. A Grilled Cheese Cheeseburger is NEXT LEVEL. Our new Grilled Cheese Cheeseburger comes with one patty of Wendy’s fresh beef, topped with caramelized onions, creamy mayo, and a melty cheese slice, all served between even more cheese with two grilled cheese sandwiches as buns.  It’s the ultimate craving crushing sandwich!",1019 - 1219 kcal,https://www.wendys.com/en-gb/grilled-cheese-cheeseburger-single-combo
Wendy's,Combos,Grilled Cheese Cheeseburger Double Combo,https://www.wendys.com/sites/default/files/styles/max_650x650/public/2025-10/GRILLED%20CHEESE%20-%20DOUBLE_0.png?itok=qvqZhyQO,"Cheeseburgers are great. Grilled Cheese Sandwiches are great. A Grilled Cheese Cheeseburger is NEXT LEVEL. Our new Grilled Cheese Cheeseburger comes with two patties of Wendy’s fresh beef, topped with caramelized onions, creamy mayo, and a melty cheese slice, all served between even more cheese with two grilled cheese sandwiches as buns.  It’s the ultimate craving crushing sandwich!",1426 - 1626 kcal,https://www.wendys.com/en-gb/grilled-cheese-cheeseburger-double-combo
Wendy's,Combos,Grilled Cheese Cheeseburger Tripple Combo,https://www.wendys.com/sites/default/files/styles/max_650x650/public/2025-10/GRILLED%20CHEESE%20-%20TRIPPLE_0.png?itok=gznFlmLp,"Cheeseburgers are great. Grilled Cheese Sandwiches are great. A Grilled Cheese Cheeseburger is NEXT LEVEL. Our new Grilled Cheese Cheeseburger comes with three patties of Wendy’s fresh beef, topped with caramelized onions, creamy mayo, and a melty cheese slice, all served between even more cheese with two grilled cheese sandwiches as buns.  It’s the ultimate craving crushing sandwich!",1833 - 2033 kcal,https://www.wendys.com/en-gb/grilled-cheese-cheeseburger-tripple-combo
Wendy's,Combos,Spicy Chicken Sandwich Combo,https://www.wendys.com/sites/default/files/styles/max_650x650/public/2025-10/Spicy%20Chicken%20Combo_0.png?itok=L-9yZIrZ,"A juicy chicken breast marinated and breaded in our unique, fiery blend of peppers and spices to deliver more flavour inside and out, cooled down with crisp lettuce, tomato, and Heinz mayo. Its the original spicy chicken sandwich, and the one you crave.",629 - 827 kcal,https://www.wendys.com/en-gb/menu-items/spicy-chicken-sandwich-combo
Wendy's,Combos,Classic Chicken Sandwich Combo,https://www.wendys.com/sites/default/files/styles/max_650x650/public/2025-10/Classic%20Chicken%20Combo_0.png?itok=6V9rBpFU,"A juicy lightly breaded crispy chicken breast with crunchy lettuce, tomato, Heinz mayo, and the perfect pickles all on a toasted bun.  It's a flawless blend of nostalgia and excitement.",637 - 834 kcal,https://www.wendys.com/en-gb/menu-items/classic-chicken-sandwich-combo
Wendy's,Combos,Grilled Chicken Sandwich Combo,https://www.wendys.com/sites/default/files/styles/max_650x650/public/2025-10/Grilled%20Chicken%20Combo_0.png?itok=dlDvb4Qd,"Herb-marinated grilled chicken breast topped with Heinz mayo, crisp lettuce, and tomato, served on a warm toasted bun. See if it isn't the best chicken sandwich you've ever had.",550 - 747 kcal,https://www.wendys.com/en-gb/menu-items/grilled-chicken-sandwich-combo
Wendy's,Combos,Avocado Chicken Club Combo,https://www.wendys.com/sites/default/files/styles/max_650x650/public/2025-10/Club%20Chicken%20Combo_0.png?itok=pRHr4nEQ,"A juicy, lightly breaded chicken breast topped with our applewood smoked bacon, avocado, tomatoes, crisp lettuce and Heinz mayo – all in a toasted premium bun. A club favorite that's anything but boring",877 - 1074 kcal,https://www.wendys.com/en-gb/menu-items/avocado-chicken-club-combo
Wendy's,Combos,Signature Chicken Wrap Combo,https://www.wendys.com/sites/default/files/styles/max_650x650/public/2025-10/Signature%20Wrap%20Chicken%20Combo%20%281%29_0.png?itok=0aUJxjK_,"Your choice of juicy, all white meat, filler free chicken (classic, spicy or grilled) topped with shredded cheddar cheese, crisp lettuce, and Heinz mayo - all served on a warm tortilla.  Simple and delicious!",398 - 829 kcal,https://www.wendys.com/en-gb/signature-chicken-wrap-combo
Wendy's,Combos,"Signature Wrap Combo, Halloumi Fries",https://www.wendys.com/sites/default/files/styles/max_650x650/public/2025-10/Signature%20Wrap%20Halloumi%20Combo%20%283%29_0.png?itok=oUiFWreW,"Crispy and golden halloumi fries with shredded cheddar cheese, crisp lettuce, and Heinz mayo - all served on a tortilla.  Simple and delicious!",1250 - 1353 kcal,https://www.wendys.com/en-gb/signature-wrap-combo-halloumi-fries
Wendy's,Combos,Avocado Chicken Wrap Combo,https://www.wendys.com/sites/default/files/styles/max_650x650/public/2025-10/Avocado%20Wrap%20Chicken%20Combo_0.png?itok=ZOQZZhOD,"Your choice of juicy, all white meat, filler free chicken (classic, spicy or grilled) topped with creamy avocado, crisp lettuce, and tomato – all served on a warm tortilla.  Fresh flavours in every bite!",398 - 829 kcal,https://www.wendys.com/en-gb/avocado-chicken-wrap-combo
Wendy's,Combos,"Avocado Wrap Combo, Halloumi Fries",https://www.wendys.com/sites/default/files/styles/max_650x650/public/2025-10/Avocado%20Wrap%20Halloumi%20Combo_0.png?itok=XWsQblxc,"Crispy and golden halloumi fries, topped with creamy avocado, crisp lettuce, and tomato – all served on a tortilla.  Fresh flavours in every bite!",1085 - 1196 kcal,https://www.wendys.com/en-gb/avocado-wrap-combo-halloumi-fries
Wendy's,Combos,BBQ Chicken Wrap Combo,https://www.wendys.com/sites/default/files/styles/max_650x650/public/2025-10/BBQ%20Wrap%20Chicken%20Combo_0.png?itok=JBFSV8iQ,"Your choice of juicy, all white meat, filler free chicken (classic, spicy or grilled) topped with a sweet BBQ sauce, shredded cheddar cheese, and crisp lettuce – all served on a tortilla. A little sweet, a little savoury, a lot scrumptious.",398 - 829 kcal,https://www.wendys.com/en-gb/bbq-chicken-wrap-combo
Wendy's,Combos,"BBQ Wrap Combo, Halloumi Fries",https://www.wendys.com/sites/default/files/styles/max_650x650/public/2025-10/BBQ%20Wrap%20Halloumi%20Combo_0.png?itok=phE3IjQW,"Crispy and golden halloumi fries topped with a sweet BBQ sauce, shredded cheddar cheese, and crisp lettuce – all served on a tortilla. A little sweet, a little savoury, a lot scrumptious",1110 - 1222 kcal,https://www.wendys.com/en-gb/bbq-wrap-combo-halloumi-fries
Wendy's,Combos,3 Pc Chicken Tenders Combo,https://www.wendys.com/sites/default/files/styles/max_650x650/public/2025-09/3%20PC%20Tenders%20Combo_0.png?itok=umRMNqN_,"3 pieces of real, juicy chicken fillet lightly breaded and fried for a crispy, delicious bite.  Pair with your favourite sauce from our bold new lineup and you have a match made in heaven.",433 - 633 kcal,https://www.wendys.com/en-gb/3-pc-chicken-tenders-combo
Wendy's,Combos,5 Pc Chicken Tenders Combo,https://www.wendys.com/sites/default/files/styles/max_650x650/public/2025-09/5%20PC%20Tenders%20Combo_0.png?itok=J6vRlMF2,"5 pieces of real, juicy chicken fillet lightly breaded and fried for a crispy, delicious bite.  Pair with your favourite sauce from our bold new lineup and you have a match made in heaven.",609 - 809 kcal,https://www.wendys.com/en-gb/5-pc-chicken-tenders-combo
Wendy's,Combos,20pc Spicy Nugget Combo,https://www.wendys.com/sites/default/files/styles/max_650x650/public/2025-10/20PC%20Nuggets%20Spicy_0.png?itok=S_VwdrKd,"20 pieces of chicken fillet marinated and breaded in our unique, fiery blend of peppers and spices to deliver more flavour inside and out.  Add your choice of sauce from our bold line of flavours as the perfect accompaniment.",811 – 1136 kcal,https://www.wendys.com/en-gb/20pc-spicy-nugget-combo-meal
Wendy's,Combos,20 Pc Chicken Nugget Combo,https://www.wendys.com/sites/default/files/styles/max_650x650/public/2025-10/20PC%20Nuggets_0.png?itok=mVL0-NnC,20 pieces of chicken fillet lightly breaded for a crispy outer then fried to seal in the juicy goodness. Add your choice of sauce from our bold line of flavours as the perfect accompaniment.,1134 kcal,https://www.wendys.com/en-gb/20-pc-chicken-nugget-combo
Wendy's,Combos,10pc Chicken Nugget Combo,https://www.wendys.com/sites/default/files/styles/max_650x650/public/2025-10/10PC%20Nuggets%20_0.png?itok=PxLdcfNj,"10 Pieces of chicken fillet lightly breaded for a crispy outer, then fried to seal in the juicy goodness.  Add your choice of sauce from our bold line of flavours as the perfect accompaniment.",459 - 656 kcal,https://www.wendys.com/en-gb/menu-items/10pc-chicken-nugget-combo
Wendy's,Combos,10pc Spicy Nugget Combo,https://www.wendys.com/sites/default/files/styles/max_650x650/public/2025-10/10PC%20Nuggets%20Spicy_0.png?itok=f_wWVwFJ,"10 pieces of chicken fillet marinated and breaded in our unique, fiery blend of peppers and spices to deliver more flavour inside and out.  Add your choice of sauce from our bold line of flavours as the perfect accompaniment.",440 – 791 kcal,https://www.wendys.com/en-gb/10pc-spicy-nugget-combo-0
Wendy's,Combos,10 Pc BBQ Saucy Classic Nuggets Combo,https://www.wendys.com/sites/default/files/styles/max_650x650/public/2025-10/Saucy%20Nuggets%20-%20%20Classic%20BBQ_0.png?itok=XCiASqPp,"10 pieces of our classic chicken fillet lightly breaded for a crispy outer, then fried to seal in the juicy goodness tossed in a sweet BBQ sauce.",753 - 874 kcal,https://www.wendys.com/en-gb/10-pc-bbq-saucy-classic-nuggets-combo
Wendy's,Combos,10 Pc BBQ Saucy Spicy Nuggets Combo,https://www.wendys.com/sites/default/files/styles/max_650x650/public/2025-10/Saucy%20Nuggets%20-%20Spicy%20BBQ_0.png?itok=-7CGerp7,"10 pieces of our spicy chicken fillet lightly breaded for a crispy outer, then fried to seal in the juicy goodness tossed in a sweet BBQ sauce.",724 - 844 kcal,https://www.wendys.com/en-gb/10-pc-bbq-saucy-spicy-nuggets-combo
Wendy's,Combos,10 Pc Buffalo Saucy Classic Nuggets Combo,https://www.wendys.com/sites/default/files/styles/max_650x650/public/2025-10/Saucy%20Nuggets%20-%20%20Classic%20Buffalo_0.png?itok=crxZ_N6H,"10 pieces of our classic chicken fillet lightly breaded for a crispy outer, then fried to seal in the juicy goodness tossed in a tangy Buffalo sauce.",680 - 800 kcal,https://www.wendys.com/en-gb/10-pc-buffalo-saucy-classic-nuggets-combo
Wendy's,Combos,10 Pc Buffalo Saucy Spicy Nuggets Combo,https://www.wendys.com/sites/default/files/styles/max_650x650/public/2025-10/Saucy%20Nuggets%20-%20Spicy%20Buffalo%20_0.png?itok=dWDXtln3,"10 pieces of our spicy chicken fillet lightly breaded for a crispy outer, then fried to seal in the juicy goodness tossed in a tangy Buffalo sauce.",646 - 766 kcal,https://www.wendys.com/en-gb/10-pc-buffalo-saucy-spicy-nuggets-combo
Wendy's,Hamburgers,Grilled Cheese Cheeseburger Single,https://www.wendys.com/sites/default/files/styles/max_650x650/public/2025-10/Grilled%20Cheese%20Single%20%281%29_0.png?itok=qfeW76AR,"Cheeseburgers are great. Grilled Cheese Sandwiches are great. A Grilled Cheese Cheeseburger is NEXT LEVEL. Our new Grilled Cheese Cheeseburger comes with one patty of Wendy’s fresh beef, topped with caramelized onions, creamy mayo, and a melty cheese slice, all served between even more cheese with two grilled cheese sandwiches as buns.  It’s the ultimate craving crushing sandwich!",843 kcal,https://www.wendys.com/en-gb/grilled-cheese-cheeseburger-single
Wendy's,Hamburgers,Grilled Cheese Cheeseburger Double,https://www.wendys.com/sites/default/files/styles/max_650x650/public/2025-10/Grilled%20Cheese%20Double_0.png?itok=k6TP7_UF,"Cheeseburgers are great. Grilled Cheese Sandwiches are great. A Grilled Cheese Cheeseburger is NEXT LEVEL. Our new Grilled Cheese Cheeseburger comes with two patties of Wendy’s fresh beef, topped with caramelized onions, creamy mayo, and a melty cheese slice, all served between even more cheese with two grilled cheese sandwiches as buns.  It’s the ultimate craving crushing sandwich!",1250 kcal,https://www.wendys.com/en-gb/grilled-cheese-cheeseburger-double
Wendy's,Hamburgers,Grilled Cheese Cheeseburger Tripple,https://www.wendys.com/sites/default/files/styles/max_650x650/public/2025-10/Grilled%20Cheese%20Tripple_0.png?itok=TKewELTP,"Cheeseburgers are great. Grilled Cheese Sandwiches are great. A Grilled Cheese Cheeseburger is NEXT LEVEL. Our new Grilled Cheese Cheeseburger comes with three patties of Wendy’s fresh beef, topped with caramelized onions, creamy mayo, and a melty cheese slice, all served between even more cheese with two grilled cheese sandwiches as buns.  It’s the ultimate craving crushing sandwich!",1657 kcal,https://www.wendys.com/en-gb/grilled-cheese-cheeseburger-tripple
Wendy's,Hamburgers,Wendy's Single,https://www.wendys.com/sites/default/files/styles/max_650x650/public/2024-03/2024_DELIVERECT_Dave%27s%20Single_One%20Cheese_0.png?itok=1Q6EH2zs,"It’s the burger that started it all. Wendy’s Single cheeseburger is simple and delicious, and hits the spot every single time.The legendary cheeseburgerOur American cheeseburger comes with a quarter-pound* of fresh beef hot off the grill topped with American cheese, crisp lettuce, ripe tomato, pickle, onion, Heinz ketchup and Heinz mayo all sandwiched between a toasted bun.If you’re craving that crispy Applewood smoked bacon, why not try the Baconator?",524 kcal,https://www.wendys.com/en-gb/menu-items/wendys-single
Wendy's,Hamburgers,Wendy's Double,https://www.wendys.com/sites/default/files/styles/max_650x650/public/2021-05/daves-double.png?itok=0LISzLWe,"A half-pound* of fresh beef, American cheese, crisp lettuce, tomato, pickle, Heinz ketchup, Heinz mayo, and onion on a toasted bun. More meat means more to love.",888 kcal,https://www.wendys.com/en-gb/menu-items/wendys-double
Wendy's,Hamburgers,Wendy's Triple,https://www.wendys.com/sites/default/files/styles/max_650x650/public/2021-05/daves-triple-143_medium_US_en_0.png?itok=Nj4DPiCI,"Ready to meet the heavyweight champ of all things beef? Enter the Wendy’s Triple Cheeseburger.The triple threatOur triple cheeseburger comes stacked with three quarters of pound* of fresh beef straight from the grill. It’s then piled high with American cheese, crisp lettuce, ripe tomato, pickle, onion, Heinz ketchup and Heinz mayo all sandwiched between a warm toasted bun. You’re going to need both hands for this one!",1204 kcal,https://www.wendys.com/en-gb/menu-items/wendys-triple
Wendy's,Hamburgers,Baconator,https://www.wendys.com/sites/default/files/styles/max_650x650/public/2021-05/baconator-144_medium_US_en.png?itok=H8sl3GsY,"Calling all carnivores – meet our legendary double bacon cheeseburger, the Wendy’s Baconator.A meaty masterpieceOur ultimate bacon cheeseburger is made using a half-pound* of fresh beef so delicious it could be enjoyed on its own. But at Wendy’s we hate to have a lonely patty. So, the Baconator comes topped with melted American cheese, 6 (yes...6!) pieces of crispy Applewood smoked bacon, Heinz ketchup, and Heinz mayo all inside a premium toasted bun.",1010 kcal,https://www.wendys.com/en-gb/menu-items/baconator
Wendy's,Hamburgers,Jr. Bacon Cheeseburger,https://www.wendys.com/sites/default/files/styles/max_650x650/public/2021-05/jr-bacon-cheeseburger-147_medium_US_en.png?itok=E0j5XKqZ,"Fresh beef, Applewood smoked bacon, American cheese, crisp lettuce, tomato, and Heinz mayo. Its a favourite of bacon lovers everywhere.",406 kcal,https://www.wendys.com/en-gb/menu-items/bacon-cheeseburger
Wendy's,Hamburgers,Jr. Cheeseburger,https://www.wendys.com/sites/default/files/styles/max_650x650/public/2021-05/jr-cheeseburger-deluxe-148_medium_US_en.png?itok=k1sNIIhJ,"Sink your teeth into the Wendy’s Jr. Cheeseburger for big flavour at a savoury price. Our cheeseburger comes with fresh beef and topped with cheese, pickles, onions, ripe tomatoes, crisp lettuce, Heinz ketchup and Heinz mayo all nestled between a toasted bun. Team it with Wendy’s fries and a Wendy’s Frosty for the ultimate combo.",375 kcal,https://www.wendys.com/en-gb/menu-items/jr-cheeseburger
Wendy's,Chicken Sandwiches,Grilled Chicken,https://www.wendys.com/sites/default/files/styles/max_650x650/public/2021-05/2021_Photo_UK_GrilledChickenSandwich_1.png?itok=dt9GNx3X,"Herb-marinated grilled chicken breast topped with Heinz mayo, crisp lettuce, and tomato, served on a warm toasted bun. See if it isn't the best chicken sandwich you've ever had.",321 kcal,https://www.wendys.com/en-gb/menu-items/grilled-chicken
Wendy's,Chicken Sandwiches,Classic Chicken,https://www.wendys.com/sites/default/files/styles/max_650x650/public/2021-05/classic-chicken-sandwich-1220_medium_US_en.png?itok=fnLz8Jx_,"Our chicken sandwich is too good to gatekeep and it's a Wendy’s menu favourite with fans returning for its unforgettable taste every time.The all-time chicken burgerEvery chicken burger is prepared to perfection using a juicy, lightly breaded, crispy chicken breast. It’s then sandwiched in a toasted bun alongside crunchy lettuce, ripe tomato, pickles and Heinz mayo. The Classic Chicken is a flawless blend of nostalgia and excitement. We’re getting goosebumps just thinking about it.",404 kcal,https://www.wendys.com/en-gb/menu-items/classic-chicken
Wendy's,Chicken Sandwiches,Spicy Chicken,https://www.wendys.com/sites/default/files/styles/max_650x650/public/2021-05/spicy-chicken-151_medium_US_en.png?itok=p0ckblFW,"Think you can handle the heat? Take a bite of our spicy chicken sandwich and then we’ll talk.Your new burger obsessionWe start with our knockout original chicken burger and turn up the heat to bring our Wendy’s Spicy Chicken. It comes with a juicy chicken breast marinated and breaded in our unique, fiery blend of peppers and spices to deliver a bold heat. Cool it down with crisp lettuce, ripe tomato and Heinz mayo.",400 kcal,https://www.wendys.com/en-gb/menu-items/spicy-chicken
Wendy's,Chicken Sandwiches,Avocado Chicken Club,https://www.wendys.com/sites/default/files/styles/max_650x650/public/2021-05/2019_Photo_Made%20to%20Crave_AvocadoBLT%20Chicken_APA_UK_Homestyle_emmanthal%20copy.png?itok=Cq5ORH_V,"A juicy, lightly breaded chicken breast topped with our applewood smoked bacon, avocado, tomatoes, crisp lettuce and Heinz mayo – all in a toasted premium bun. A club favourite that's anything but boring",651 kcal,https://www.wendys.com/en-gb/menu-items/avocado-chicken-club
Wendy's,Chicken Nuggets & Tenders,4 Pc Chicken Nuggets,https://www.wendys.com/sites/default/files/styles/max_650x650/public/2025-10/4%20Nuggets%20-%20%20Classic%20_0.png?itok=GxHjZIOW,"4 Pieces of chicken fillet lightly breaded for a crispy outer, then fried to seal in the juicy goodness.  Add your choice of sauce from our bold line of flavours as the perfect accompaniment.",114 kcal,https://www.wendys.com/en-gb/menu-items/4-pc-mini-chicken-nuggets
Wendy's,Chicken Nuggets & Tenders,4 Pc Spicy Nuggets,https://www.wendys.com/sites/default/files/styles/max_650x650/public/2025-10/4%20Nuggets%20-%20%20Spicy_0.png?itok=OL2q0309,,99 kcal kcal,https://www.wendys.com/en-gb/4-pc-spicy-nuggets
Wendy's,Chicken Nuggets & Tenders,10 Pc Chicken Nuggets,https://www.wendys.com/sites/default/files/styles/max_650x650/public/2025-10/10%20Nuggets%20-%20%20Classic_0.png?itok=m2ZbkMIT,"Whether you grab a few on the side or make them your go-to main, our delicious chicken nuggets always steal the show.Pieces of protein heavenGet 10 pieces of real, juicy chicken fillet lightly breaded and fried for a crispy, tender nugget. Pair with your favourite sauce from our bold lineup and team it with one of our irresistible sides. Grab a 4pc Wendy’s chicken nugget box when you’re looking for a light bite or a 20pc Wendy’s chicken nugget box for sharing.Feeling brave? Choose our spicy chicken nuggets for juicy chicken marinated in our hot blend of peppers and spices.",286 kcal,https://www.wendys.com/en-gb/menu-items/8-pc-mini-chicken-nuggets
Wendy's,Chicken Nuggets & Tenders,10 Pc Spicy Nuggets,https://www.wendys.com/sites/default/files/styles/max_650x650/public/2025-10/10%20Nuggets%20-%20%20Spicy_0.png?itok=ayMauuWb,,250 kcal kcal,https://www.wendys.com/en-gb/10-pc-spicy-nuggets
Wendy's,Chicken Nuggets & Tenders,20 Pc Chicken Nuggets,https://www.wendys.com/sites/default/files/styles/max_650x650/public/2025-10/20%20Nuggets%20-%20%20Classic_0.png?itok=3Z9XeNpb,20 pieces of chicken fillet lightly breaded for a crispy outer then fried to seal in the juicy goodness. Add your choice of sauce from our bold line of flavours as the perfect accompaniment.,570 kcal,https://www.wendys.com/en-gb/20-pc-chicken-nuggets
Wendy's,Chicken Nuggets & Tenders,20 Pc Spicy Nuggets,https://www.wendys.com/sites/default/files/styles/max_650x650/public/2025-10/20%20Nuggets%20-%20%20Spicy_0.png?itok=GKetMuqw,,499 kcal kcal,https://www.wendys.com/en-gb/20-pc-spicy-nuggets
Wendy's,Chicken Nuggets & Tenders,3 Pc Chicken Tenders,https://www.wendys.com/sites/default/files/styles/max_650x650/public/2025-09/3%20PC%20Tenders_0.png?itok=okl2joqx,"3 pieces of real, juicy chicken fillet lightly breaded and fried for a crispy, delicious bite.  Pair with your favourite sauce from our bold new lineup and you have a match made in heaven.",257 kcal,https://www.wendys.com/en-gb/3-pc-chicken-tenders
Wendy's,Chicken Nuggets & Tenders,5 Pc Chicken Tenders,https://www.wendys.com/sites/default/files/styles/max_650x650/public/2025-09/5%20PC%20Tenders_0.png?itok=szu8Y2u-,"5 pieces of real, juicy chicken fillet lightly breaded and fried for a crispy, delicious bite.  Pair with your favourite sauce from our bold new lineup and you have a match made in heaven.",433 kcal,https://www.wendys.com/en-gb/5-pc-chicken-tenders
Wendy's,Chicken Nuggets & Tenders,6 Pc Buffalo Saucy Classic Nuggets,https://www.wendys.com/sites/default/files/styles/max_650x650/public/2025-06/600x400_MobileAPP-68e84b7e-463b-4fa0-9639-9b831d55c95f_1.png?itok=ArB5SiaN,"6 pieces of our classic chicken fillet lightly breaded for a crispy outer, then fried to seal in the juicy goodness tossed in a tangy Buffalo sauce.",189 kcal,https://www.wendys.com/en-gb/6-pc-buffalo-saucy-classic-nuggets
Wendy's,Chicken Nuggets & Tenders,6 Pc Buffalo Saucy Spicy Nuggets,https://www.wendys.com/sites/default/files/styles/max_650x650/public/2025-06/600x400_MobileAPP-f605c9cf-4241-424c-a756-db36e097df09_1.png?itok=HG4LUnY6,"6 pieces of our spicy chicken fillet lightly breaded for a crispy outer, then fried to seal in the juicy goodness tossed in a tangy Buffalo sauce.",169 kcal,https://www.wendys.com/en-gb/6-pc-buffalo-saucy-spicy-nuggets
Wendy's,Chicken Nuggets & Tenders,10 Pc Buffalo Saucy Classic Nuggets,https://www.wendys.com/sites/default/files/styles/max_650x650/public/2025-06/600x400_MobileAPP-e9075af3-ec71-4409-b9a8-b79c7b547484_1.png?itok=c66B5SMk,"10 pieces of our classic chicken fillet lightly breaded for a crispy outer, then fried to seal in the juicy goodness tossed in a tangy Buffalo sauce.",312 kcal,https://www.wendys.com/en-gb/10-pc-buffalo-saucy-classic-nuggets
Wendy's,Chicken Nuggets & Tenders,10 Pc Buffalo Saucy Spicy Nuggets,https://www.wendys.com/sites/default/files/styles/max_650x650/public/2025-06/600x400_MobileAPP-4bc42075-b885-43a4-b5e0-37bc7cfaf295_1.png?itok=R6kOzA_u,"10 pieces of our spicy chicken fillet lightly breaded for a crispy outer, then fried to seal in the juicy goodness tossed in a tangy Buffalo sauce.",276 kcal,https://www.wendys.com/en-gb/10-pc-buffalo-saucy-spicy-nuggets
Wendy's,Chicken Nuggets & Tenders,6 Pc BBQ Saucy Classic Nuggets,https://www.wendys.com/sites/default/files/styles/max_650x650/public/2025-06/600x400_MobileAPP-366e6ecc-ef19-49a1-aba5-030b99346273_1.png?itok=BCjhPNyO,"6 pieces of our classic chicken fillet lightly breaded for a crispy outer, then fried to seal in the juicy goodness tossed in a sweet BBQ sauce.",255 kcal,https://www.wendys.com/en-gb/6-pc-bbq-saucy-classic-nuggets
Wendy's,Chicken Nuggets & Tenders,6 Pc BBQ Saucy Spicy Nuggets,https://www.wendys.com/sites/default/files/styles/max_650x650/public/2025-06/600x400_MobileAPP-98e37126-a203-4a49-9e83-31bfd5168a3e_1.png?itok=1Wa8Lewx,"6 pieces of our spicy chicken fillet lightly breaded for a crispy outer, then fried to seal in the juicy goodness tossed in a sweet BBQ sauce.",233 kcal,https://www.wendys.com/en-gb/6-pc-bbq-saucy-spicy-nuggets
Wendy's,Chicken Nuggets & Tenders,10 Pc BBQ Saucy Classic Nuggets,https://www.wendys.com/sites/default/files/styles/max_650x650/public/2025-06/600x400_MobileAPP-dd381d06-8d26-470c-a48f-dbcd6cf01755_1.png?itok=Sl7PwCon,"10 pieces of our classic chicken fillet lightly breaded for a crispy outer, then fried to seal in the juicy goodness tossed in a sweet BBQ sauce.",382 kcal,https://www.wendys.com/en-gb/10-pc-bbq-saucy-classic-nuggets
Wendy's,Chicken Nuggets & Tenders,10 Pc BBQ Saucy Spicy Nuggets,https://www.wendys.com/sites/default/files/styles/max_650x650/public/2025-06/600x400_MobileAPP-b6bd6f28-dbfa-45be-8afe-301ba514a333_1.png?itok=zCcj0T0a,"10 pieces of our spicy chicken fillet lightly breaded for a crispy outer, then fried to seal in the juicy goodness tossed in a sweet BBQ sauce.",347 kcal,https://www.wendys.com/en-gb/10-pc-bbq-saucy-spicy-nuggets
Wendy's,Veggie Options,Halloumi Fries,https://www.wendys.com/sites/default/files/styles/max_650x650/public/2025-01/400x400-92d4b5c2-e4e9-40fe-862d-50807c1c0f6f%20%281%29_0.png?itok=VT3zQeyp,"Craving something cheesy? Get your hands on our delicious cheese fries made from the squeakiest cheese around.The irresistible snackIf you’re a fan of grilled halloumi, then you’ll love our indulgent, deep fried halloumi fries. Crispy and golden on the outside, soft and heavenly on the inside, our halloumi fries are the perfect add-on when regular French fries just won’t do. Made with seasoned, lightly battered halloumi cheese, they’re best served with a sweet chilli dipping sauce.",178 kcal,https://www.wendys.com/en-gb/halloumi-fries
Wendy's,Veggie Options,"Avocado Wrap, Halloumi Fries",https://www.wendys.com/sites/default/files/styles/max_650x650/public/2025-06/3_7.png?itok=u1LP5Bop,"Crispy and golden halloumi fries, topped with creamy avocado, crisp lettuce, and tomato – all served on a tortilla.  Fresh flavours in every bite!",359 kcal,https://www.wendys.com/en-gb/avocado-wrap-halloumi-fries
Wendy's,Veggie Options,"Signature Wrap, Halloumi Fries",https://www.wendys.com/sites/default/files/styles/max_650x650/public/2025-06/2_6.png?itok=a9fCZWlf,"Crispy and golden halloumi fries with shredded cheddar cheese, crisp lettuce, and Heinz mayo - all served on a tortilla.  Simple and delicious!",435 kcal,https://www.wendys.com/en-gb/signature-wrap-halloumi-fries
Wendy's,Veggie Options,"BBQ Wrap, Halloumi Fries",https://www.wendys.com/sites/default/files/styles/max_650x650/public/2025-06/1_8.png?itok=Lh9SgcFu,"Crispy and golden halloumi fries topped with a sweet BBQ sauce, shredded cheddar cheese, and crisp lettuce – all served on a tortilla. A little sweet, a little savoury, a lot scrumptious.",365 kcal,https://www.wendys.com/en-gb/bbq-wrap-halloumi-fries
Wendy's,Wraps,"Avocado Wrap, Halloumi Fries",https://www.wendys.com/sites/default/files/styles/max_650x650/public/2025-06/3_7.png?itok=u1LP5Bop,"Crispy and golden halloumi fries, topped with creamy avocado, crisp lettuce, and tomato – all served on a tortilla.  Fresh flavours in every bite!",359 kcal,https://www.wendys.com/en-gb/avocado-wrap-halloumi-fries
Wendy's,Wraps,"Signature Wrap, Halloumi Fries",https://www.wendys.com/sites/default/files/styles/max_650x650/public/2025-06/2_6.png?itok=a9fCZWlf,"Crispy and golden halloumi fries with shredded cheddar cheese, crisp lettuce, and Heinz mayo - all served on a tortilla.  Simple and delicious!",435 kcal,https://www.wendys.com/en-gb/signature-wrap-halloumi-fries
Wendy's,Wraps,"BBQ Wrap, Halloumi Fries",https://www.wendys.com/sites/default/files/styles/max_650x650/public/2025-06/1_8.png?itok=Lh9SgcFu,"Crispy and golden halloumi fries topped with a sweet BBQ sauce, shredded cheddar cheese, and crisp lettuce – all served on a tortilla. A little sweet, a little savoury, a lot scrumptious.",365 kcal,https://www.wendys.com/en-gb/bbq-wrap-halloumi-fries
Wendy's,Wraps,Grilled Signature Chicken Wrap,https://www.wendys.com/sites/default/files/styles/max_650x650/public/2025-06/1_2.png?itok=JDkeOE0F,"A juicy, all white meat, filler free grilled chicken fillet topped with shredded cheddar cheese, crisp lettuce, and Heinz mayo - all served on a warm tortilla. Simple and delicious!",301 kcal,https://www.wendys.com/en-gb/grilled-signature-chicken-wrap
Wendy's,Wraps,Classic Signature Chicken Wrap,https://www.wendys.com/sites/default/files/styles/max_650x650/public/2025-06/2_0.png?itok=XN05hpKo,"A juicy, all white meat, filler free classic chicken fillet topped with shredded cheddar cheese, crisp lettuce, and Heinz mayo - all served on a warm tortilla. Simple and delicious!",341 kcal,https://www.wendys.com/en-gb/classic-signature-chicken-wrap
Wendy's,Wraps,Spicy Signature Chicken Wrap,https://www.wendys.com/sites/default/files/styles/max_650x650/public/2025-06/3_1.png?itok=SR1gAZiv,"A juicy, all white meat, filler free spicy chicken fillet topped with shredded cheddar cheese, crisp lettuce, and Heinz mayo - all served on a warm tortilla.  Simple and delicious!",341 kcal,https://www.wendys.com/en-gb/spicy-signature-chicken-wrap
Wendy's,Wraps,Grilled BBQ Chicken Wrap,https://www.wendys.com/sites/default/files/styles/max_650x650/public/2025-06/1_6.png?itok=T-3bnsME,"A juicy, all white meat, filler free grilled chicken fillet topped with a sweet BBQ sauce, shredded cheddar cheese, and crisp lettuce – all served on a tortilla. A little sweet, a little savoury, a lot scrumptious.",235 kcal,https://www.wendys.com/en-gb/grilled-bbq-chicken-wrap
Wendy's,Wraps,Classic BBQ Chicken Wrap,https://www.wendys.com/sites/default/files/styles/max_650x650/public/2025-06/2_4.png?itok=p6F6hkdL,"A juicy, all white meat, filler free chicken fillet topped with a sweet BBQ sauce, shredded cheddar cheese, and crisp lettuce – all served on a tortilla. A little sweet, a little savoury, a lot scrumptious.",269 kcal,https://www.wendys.com/en-gb/classic-bbq-chicken-wrap
Wendy's,Wraps,Spicy BBQ Chicken Wrap,https://www.wendys.com/sites/default/files/styles/max_650x650/public/2025-06/3_5.png?itok=--V-8f1s,"A juicy, all white meat, filler free spicy chicken fillet topped with a sweet BBQ sauce, shredded cheddar cheese, and crisp lettuce – all served on a tortilla. A little sweet, a little savoury, a lot scrumptious.",268 kcal,https://www.wendys.com/en-gb/spicy-bbq-chicken-wrap
Wendy's,Wraps,Spicy Avocado Chicken Wrap,https://www.wendys.com/sites/default/files/styles/max_650x650/public/2025-06/2_2.png?itok=UV7dONjn,"A juicy, all white meat, filler free spicy chicken fillet topped with creamy avocado, crisp lettuce, and tomato – all served on a warm tortilla.  Fresh flavours in every bite!",252 kcal,https://www.wendys.com/en-gb/spicy-avocado-chicken-wrap
Wendy's,Wraps,Classic Avocado Chicken Wrap,https://www.wendys.com/sites/default/files/styles/max_650x650/public/2025-06/3_3.png?itok=j4_X677u,"A juicy, all white meat, filler free classic chicken fillet topped with creamy avocado, crisp lettuce, and tomato – all served on a warm tortilla.  Fresh flavours in every bite!",260 kcal,https://www.wendys.com/en-gb/classic-avocado-chicken-wrap
Wendy's,Wraps,Grilled Avocado Chicken Wrap,https://www.wendys.com/sites/default/files/styles/max_650x650/public/2025-06/1_4.png?itok=AFItEjL5,"A juicy, all white meat, filler free grilled chicken fillet topped with creamy avocado, crisp lettuce, and tomato – all served on a warm tortilla.  Fresh flavours in every bite!",223 kcal,https://www.wendys.com/en-gb/grilled-avocado-chicken-wrap
Wendy's,Fresh-Made Salads,Avocado Chicken Salad,https://www.wendys.com/sites/default/files/styles/max_650x650/public/2021-05/avocado-chicken-salad-1325_medium_US_en.png?itok=u9CGi7kS,"Made fresh daily with our signature lettuce blend, cheddar cheese, diced tomatoes, cool, creamy avocado, Applewood smoked bacon, and grilled chicken breast hot off the grill, all topped with a Southwest Ranch Dressing.",485 kcal,https://www.wendys.com/en-gb/menu-items/avocado-chicken-salad
Wendy's,Fresh-Made Salads,Chicken Caesar Salad,https://www.wendys.com/sites/default/files/styles/max_650x650/public/2024-01/400x400_ParmCaesar_overhead_UK_NO-CROUTONS.png?itok=lWap4tkR,"This is the Caesar salad’s final form. And after one bite, it’ll be the only salad you ever think about. Take your pick, have your choice of chicken breast with your Caesar salad.The king of saladsMade fresh here at Wendy’s every day, our Caesar salad comes with crisp Romaine lettuce and your choice of protein. Tossed in creamy Caesar dressing and topped with authentic Italian cheese, it’s the perfect balance of flavour and freshness.",411 kcal,https://www.wendys.com/en-gb/menu-items/caesar-chicken-salad
Wendy's,Fresh-Made Salads,Avocado Salad,https://www.wendys.com/sites/default/files/styles/max_650x650/public/2025-05/1920x1080_Delivery-3b850e0e-4b27-4187-bc7f-f396168a0591_0.png?itok=D2VeVg2E,"Made fresh daily with romaine lettuce, Italian cheese, and a creamy Caesar dressing. With your choice of chicken breast, or crispy and golden halloumi fries.The nutrition information displayed is correct for just a grilled chicken fillet.",399 kcal,https://www.wendys.com/en-gb/avocado-salad
Wendy's,Fresh-Made Salads,Caesar Salad,https://www.wendys.com/sites/default/files/styles/max_650x650/public/2025-05/1920x1080_Delivery-9522e58e-5292-4756-b211-faa0536a13bf_0.png?itok=CNfeqbEy,"This is the Caesar salad’s final form. And after one bite, it’ll be the only salad you ever think about. Take your pick, have your choice of chicken breast or crispy and golden halloumi fries with your Caesar salad.The king of saladsMade fresh here at Wendy’s every day, our Caesar salad comes with crisp Romaine lettuce and your choice of protein. Tossed in creamy Caesar dressing and topped with authentic Italian cheese, it’s the perfect balance of flavour and freshness.The nutrition information displayed is correct for just a grilled chicken fillet.",317 kcal,https://www.wendys.com/en-gb/caesar-salad
Wendy's,Fresh-Made Salads,"Avocado Salad, Halloumi Fries",https://www.wendys.com/sites/default/files/styles/max_650x650/public/2025-05/1920x1080_Delivery-3b850e0e-4b27-4187-bc7f-f396168a0591_2.png?itok=iZFq86oz,"Made fresh daily with our signature lettuce blend, cheddar cheese, diced tomatoes, cool, creamy avocado, all topped with a Southwest Ranch Dressing.  With the option to add crispy and golden halloumi fries",359 kcal,https://www.wendys.com/en-gb/avocado-salad-halloumi-fries
Wendy's,Fresh-Made Salads,"Caesar Salad, Halloumi Fries",https://www.wendys.com/sites/default/files/styles/max_650x650/public/2025-05/1920x1080_Delivery-9522e58e-5292-4756-b211-faa0536a13bf_2.png?itok=hrtEk_5b,"This is the Caesar salad’s final form. And after one bite, it’ll be the only salad you ever think about.The king of saladsMade fresh here at Wendy’s every day, our Caesar salad comes with crisp Romaine lettuce and your choice of protein. Tossed in creamy Caesar dressing and topped with authentic Italian cheese, it’s the perfect balance of flavour and freshness.",499 kcal,https://www.wendys.com/en-gb/caesar-salad-halloumi-fries
Wendy's,Fries & Sides,Apple Bites,https://www.wendys.com/sites/default/files/styles/max_650x650/public/2021-05/apple-bites-449_medium_US_en.png?itok=d_xPwB1F,"A selection of crisp, juicy sliced apple pieces, perfect as a snack or a side. Great pick!",42 kcal,https://www.wendys.com/en-gb/menu-items/apple-bites
Wendy's,Fries & Sides,Cheese Baked Potato,https://www.wendys.com/sites/default/files/styles/max_650x650/public/2021-05/cheese-potato-172_medium_US_en.png?itok=NXF2OTi5,"Hot and fluffy potato topped with creamy cheese sauce, and shredded cheese. Because nothing goes with a potato like cheese.",342 kcal,https://www.wendys.com/en-gb/menu-items/cheese-baked-potato
Wendy's,Fries & Sides,Chili Cheese Baked Potato,https://www.wendys.com/sites/default/files/styles/max_650x650/public/2021-05/chili-cheese-baked-potato-175_medium_US_en.png?itok=4iiP-tt_,"Big, bold and baked to perfection, our Chili Cheese Baked Potato will upgrade any meal or bring the heat on its own.The fiery jacket potatoThis spicy spud doesn’t ask permission. Piled high with Wendy’s signature meaty, flavourful chili, creamy cheesy sauce and shredded cheese, Wendy’s hot and fluffy baked potato is the ultimate flavour mic drop.",428 kcal,https://www.wendys.com/en-gb/menu-items/chili-cheese-baked-potato
Wendy's,Fries & Sides,Chili con Carne,https://www.wendys.com/sites/default/files/styles/max_650x650/public/2021-05/chili-170_medium_US_en_0.png?itok=4KWk1ck8,"A cup of spicy stew with our unique blend of rich and meaty ground beef, kidney beans, tomatoes, peppers and other vegetables",253 kcal,https://www.wendys.com/en-gb/menu-items/chili-con-carne
Wendy's,Fries & Sides,Sour Cream and Chives Potato,https://www.wendys.com/sites/default/files/styles/max_650x650/public/2021-05/sour-cream-chives-potato-174_medium_US_en.png?itok=UJBRqt54,"A hot, fluffy potato topped with the classic combination of chives, and sour cream. Choose it as a side or a  a meal.",233 kcal,https://www.wendys.com/en-gb/menu-items/sour-cream-and-chives-potato
Wendy's,Fries & Sides,Bacon & Cheese Potato,https://www.wendys.com/sites/default/files/styles/max_650x650/public/2021-05/bacon-cheese-potato-171_medium_US_en.png?itok=UWPrExvM,"Hot and fluffy potato topped with creamy cheese sauce, shredded cheese, and Applewood smoked bacon. Because nothing goes with a potato like cheese and bacon.",405 kcal,https://www.wendys.com/en-gb/menu-items/bacon-cheese-potato
Wendy's,Fries & Sides,Plain Potato,https://www.wendys.com/sites/default/files/styles/max_650x650/public/2021-05/plain-baked-potato-176_medium_US_en_0.png?itok=K982WCyi,"The satisfying simplicity of good, honest, hot, fluffy baked potato perfection. Ingredients: Potato.",232 kcal,https://www.wendys.com/en-gb/menu-items/plain-potato
Wendy's,Fries & Sides,Cheese Fries,https://www.wendys.com/sites/default/files/styles/max_650x650/public/2024-10/Flattened_PNG-36466_CheeseFries_293_APA_2.png?itok=U2O0E83o,"Our natural-cut, skin-on, sea-salted fries topped our warm, creamy cheese sauce. Easy to love. Hard to beat.",351 kcal,https://www.wendys.com/en-gb/cheese-fries
Wendy's,Fries & Sides,Baconator Fries,https://www.wendys.com/sites/default/files/styles/max_650x650/public/2021-05/baconator-fries-217_medium_US_en_0.png?itok=10EV1kpg,"Get ready for the ultimate loaded fries experience with Wendy’s Baconator fries. The only fries worthy of the Baconator name.The best cheesy chips aroundDon’t be fooled: these fries aren’t the side dish – they’re the main event. Start with a tonne load of our natural-cut, skin-on, sea-salted fries. Perfectly golden on the outside, extra fluffy on the inside. Then, add a layer of warm creamy cheese sauce, shredded cheddar and top with crispy Applewood smoked bacon. Perfect for sharing (or keeping all for yourself).",459 kcal,https://www.wendys.com/en-gb/menu-items/baconator-fries
Wendy's,Fries & Sides,Chili Cheese Fries,https://www.wendys.com/sites/default/files/styles/max_650x650/public/2021-05/chili-cheese-fries-455_medium_US_en_0.png?itok=7Wnl00oh,"Our natural-cut, skin-on, sea-salted fries topped our hearty chili and warm, creamy cheese sauce,  and shredded cheddar cheese. Easy to love. Hard to beat.",481 kcal,https://www.wendys.com/en-gb/menu-items/chili-cheese-fries
Wendy's,Fries & Sides,Large Fries,https://www.wendys.com/sites/default/files/styles/max_650x650/public/2021-05/large-fries-23_medium_US_en.png?itok=Z6CgHD8T,"The humble French fries just got an upgrade. Introducing Wendy’s fries – our signature chips.The SidekickNatural-cut, skin-on, sea-salted, our French fries are crispy and golden brown on the outside and warm and fluffy on the inside. Team it with your favourite burger, drench it in some creamy sauce or dip in your Wendy’s Frosty for the perfect satisfying side. It’s pure art.",239 kcal,https://www.wendys.com/en-gb/menu-items/large-fries
Wendy's,Fries & Sides,Medium Fries,https://www.wendys.com/sites/default/files/styles/max_650x650/public/2021-05/fries-medium-22_medium_US_en.png?itok=dmgwkN1f,"The humble French fries just got an upgrade. Introducing Wendy’s fries – our signature chips.The SidekickNatural-cut, skin-on, sea-salted, our French fries are crispy and golden brown on the outside and warm and fluffy on the inside. Team it with your favourite burger, drench it in some creamy sauce or dip in your Wendy’s Frosty for the perfect satisfying side. It’s pure art.",176 kcal,https://www.wendys.com/en-gb/menu-items/medium-fries
Wendy's,Fries & Sides,Small Fries,https://www.wendys.com/sites/default/files/styles/max_650x650/public/2021-05/fries-small-21_medium_US_en.png?itok=AmFK-O_0,"The humble French fries just got an upgrade. Introducing Wendy’s fries – our signature chips.The SidekickNatural-cut, skin-on, sea-salted, our French fries are crispy and golden brown on the outside and warm and fluffy on the inside. Team it with your favourite burger, drench it in some creamy sauce or dip in your Wendy’s Frosty for the perfect satisfying side. It’s pure art.",142 kcal,https://www.wendys.com/en-gb/menu-items/small-fries
Wendy's,Fries & Sides,Halloumi Fries,https://www.wendys.com/sites/default/files/styles/max_650x650/public/2025-01/400x400-92d4b5c2-e4e9-40fe-862d-50807c1c0f6f%20%281%29_0.png?itok=VT3zQeyp,"Craving something cheesy? Get your hands on our delicious cheese fries made from the squeakiest cheese around.The irresistible snackIf you’re a fan of grilled halloumi, then you’ll love our indulgent, deep fried halloumi fries. Crispy and golden on the outside, soft and heavenly on the inside, our halloumi fries are the perfect add-on when regular French fries just won’t do. Made with seasoned, lightly battered halloumi cheese, they’re best served with a sweet chilli dipping sauce.",178 kcal,https://www.wendys.com/en-gb/halloumi-fries
Wendy's,Fries & Sides,Mini Doughnuts - 6pc,https://www.wendys.com/sites/default/files/styles/max_650x650/public/2025-02/600x400_MobileAPP-b5d7a4b1-1da9-40b6-a689-2cdd03e81a8c_0.png?itok=1CzAkyjn,"Delight in a bite-sized treat! Light and fluffy mini ring doughnuts coated with a sugar and cinnamon topping.​ Available all-day, treat yourself to a playful, nostalgic dessert that's impossible to resist!",321 kcal,https://www.wendys.com/en-gb/mini-doughnuts-6pc
Wendy's,Fries & Sides,Wendy's Signature Dip Pot,https://www.wendys.com/sites/default/files/styles/max_650x650/public/2025-09/Wendy%27s%20Signature_0.png?itok=62m8VAy3,,,https://www.wendys.com/en-gb/wendys-signature-dip-pot
Wendy's,Fries & Sides,Smokin' Hot Dip Pot,https://www.wendys.com/sites/default/files/styles/max_650x650/public/2025-09/Smokin%27%20Hot%20Dip%20Pot_0.png?itok=5jw5deC8,,,https://www.wendys.com/en-gb/smokin-hot-dip-pot-0
Wendy's,Fries & Sides,Buttermilk Ranch Dip Pot,https://www.wendys.com/sites/default/files/styles/max_650x650/public/2025-09/Buttermilk%20Ranch%20Dip%20Pot%20%281%29.png?itok=VzPWzwMD,,,https://www.wendys.com/en-gb/buttermilk-ranch-dip-pot-0
Wendy's,Fries & Sides,Honey BBQ Dip Pot,https://www.wendys.com/sites/default/files/styles/max_650x650/public/2025-09/BBQ%20Dip%20Pot_0.png?itok=zS3SIcxj,,,https://www.wendys.com/en-gb/honey-bbq-dip-pot-0
Wendy's,Fries & Sides,Sweet Chili Dip Pot,https://www.wendys.com/sites/default/files/styles/max_650x650/public/2025-09/Sweet%20Chilli_0.png?itok=Neea3qv2,,,https://www.wendys.com/en-gb/sweet-chili-dip-pot-0
Wendy's,Frosty®,Regular Vanilla Biscoff® Frosty®,https://www.wendys.com/sites/default/files/styles/max_650x650/public/2025-10/BISCOFF%20FROSTY%20-%20VANILLA_0.png?itok=VuE1WrJa,"Wendy’s signature Vanilla Frosty® swirled together with decadent Biscoff®Topping sauce and topped with crunchy Biscoff®Crumb. It is the ultimate dessert experience, only at Wendy’s!",532 kcal,https://www.wendys.com/en-gb/regular-vanilla-biscoffr-frostyr
Wendy's,Frosty®,Large Vanilla Biscoff® Frosty®,https://www.wendys.com/sites/default/files/styles/max_650x650/public/2025-10/BISCOFF%20FROSTY%20-%20VANILLA_1.png?itok=0zbaWemH,"Wendy’s signature Vanilla Frosty® swirled together with decadent Biscoff®Topping sauce and topped with crunchy Biscoff®Crumb. It is the ultimate dessert experience, only at Wendy’s!",605 kcal,https://www.wendys.com/en-gb/large-vanilla-biscoffr-frostyr
Wendy's,Frosty®,Regular Chocolate Biscoff® Frosty®,https://www.wendys.com/sites/default/files/styles/max_650x650/public/2025-10/BISCOFF%20FROSTY%20-%20CHOC_0.png?itok=uAbShYew,"Wendy’s signature Chocolate Frosty® swirled together with decadent Biscoff®Topping sauce and topped with crunchy Biscoff®Crumb. It is the ultimate dessert experience, only at Wendy’s!",506 kcal,https://www.wendys.com/en-gb/regular-chocolate-biscoffr-frostyr
Wendy's,Frosty®,Large Chocolate Biscoff® Frosty®,https://www.wendys.com/sites/default/files/styles/max_650x650/public/2025-10/BISCOFF%20FROSTY%20-%20CHOC_2.png?itok=DI5g9gKV,"Wendy’s signature Chocolate Frosty® swirled together with decadent Biscoff®Topping sauce and topped with crunchy Biscoff®Crumb. It is the ultimate dessert experience, only at Wendy’s!",582 kcal,https://www.wendys.com/en-gb/large-chocolate-biscoffr-frostyr
Wendy's,Frosty®,Jr. Vanilla Frosty®,https://www.wendys.com/sites/default/files/styles/max_650x650/public/2021-05/vanilla-frosty-180_medium_US_en.png?itok=AUXK9Oo_,"Cool, creamy and refreshing – give in to your sweet tooth with Wendy’s Vanilla Frosty®.The iconic frozen dessertWhether you’re a die-hard Frosty® fan or just looking for your sweet treat fix, Wendy’s signature showstopper is the diva of desserts. Like a Vanilla milkshake, only thicker and creamier, the Vanilla Frosty® is thick enough to eat with a spoon and smooth enough to use a straw. For the perfect blend of sweet and salty, dip your fries into you Frosty® – trust us, it’s delicious.",179 kcal,https://www.wendys.com/en-gb/menu-items/jr-vanilla-frosty
Wendy's,Frosty®,Regular Vanilla Frosty®,https://www.wendys.com/sites/default/files/styles/max_650x650/public/2021-05/vanilla-frosty-180_medium_US_en.png?itok=AUXK9Oo_,"Cool, creamy and refreshing – give in to your sweet tooth with Wendy’s Vanilla Frosty®.The iconic frozen dessertWhether you’re a die-hard Frosty® fan or just looking for your sweet treat fix, Wendy’s signature showstopper is the diva of desserts. Like a Vanilla milkshake, only thicker and creamier, the Vanilla Frosty® is thick enough to eat with a spoon and smooth enough to use a straw. For the perfect blend of sweet and salty, dip your fries into you Frosty® – trust us, it’s delicious.",311 kcal,https://www.wendys.com/en-gb/menu-items/medium-vanilla-frosty
Wendy's,Frosty®,Large Vanilla Frosty®,https://www.wendys.com/sites/default/files/styles/max_650x650/public/2021-05/vanilla-frosty-180_medium_US_en.png?itok=AUXK9Oo_,"Cool, creamy and refreshing – give in to your sweet tooth with Wendy’s Vanilla Frosty®.The iconic frozen dessertWhether you’re a die-hard Frosty® fan or just looking for your sweet treat fix, Wendy’s signature showstopper is the diva of desserts. Like a Vanilla milkshake, only thicker and creamier, the Vanilla Frosty® is thick enough to eat with a spoon and smooth enough to use a straw. For the perfect blend of sweet and salty, dip your fries into you Frosty® – trust us, it’s delicious.",424 kcal,https://www.wendys.com/en-gb/menu-items/large-vanilla-frosty
Wendy's,Frosty®,Jr. Chocolate Frosty®,https://www.wendys.com/sites/default/files/styles/max_650x650/public/2021-05/jr-chocolate-frosty-37_medium_US_en.png?itok=Ea5g2v80,"Cool, creamy and refreshing – give in to your sweet tooth with Wendy’s Chocolate Frosty®.The iconic frozen dessertWhether you’re a die-hard Frosty® fan or just looking for your chocolate fix, Wendy’s signature showstopper is the diva of desserts. Like a chocolate milkshake, only thicker and creamier, the Chocolate Frosty® is thick enough to eat with a spoon and smooth enough to use a straw. For the perfect blend of sweet and salty, dip your fries into you Frosty® – trust us, it’s delicious.",168 kcal,https://www.wendys.com/en-gb/menu-items/jr-chocolate-frosty
Wendy's,Frosty®,Regular Chocolate Frosty®,https://www.wendys.com/sites/default/files/styles/max_650x650/public/2021-05/jr-chocolate-frosty-37_medium_US_en.png?itok=Ea5g2v80,"Cool, creamy and refreshing – give in to your sweet tooth with Wendy’s Chocolate Frosty®.The iconic frozen dessertWhether you’re a die-hard Frosty® fan or just looking for your chocolate fix, Wendy’s signature showstopper is the diva of desserts. Like a chocolate milkshake, only thicker and creamier, the Chocolate Frosty® is thick enough to eat with a spoon and smooth enough to use a straw. For the perfect blend of sweet and salty, dip your fries into you Frosty® – trust us, it’s delicious.",290 kcal,https://www.wendys.com/en-gb/menu-items/medium-chocolate-frosty
Wendy's,Frosty®,Large Chocolate Frosty®,https://www.wendys.com/sites/default/files/styles/max_650x650/public/2021-05/jr-chocolate-frosty-37_medium_US_en.png?itok=Ea5g2v80,"Cool, creamy and refreshing – give in to your sweet tooth with Wendy’s Chocolate Frosty®.The iconic frozen dessertWhether you’re a die-hard Frosty® fan or just looking for your chocolate fix, Wendy’s signature showstopper is the diva of desserts. Like a chocolate milkshake, only thicker and creamier, the Chocolate Frosty® is thick enough to eat with a spoon and smooth enough to use a straw. For the perfect blend of sweet and salty, dip your fries into you Frosty® – trust us, it’s delicious.",399 kcal,https://www.wendys.com/en-gb/menu-items/large-chocolate-frosty
Wendy's,Wendy's Kids' Meal,Kids' Hamburger,https://www.wendys.com/sites/default/files/styles/max_650x650/public/2025-11/Kids%20HB%20UK_0.png?itok=lruVMjf_,"Fresh, never frozen beef hot off the grill and topped with ketchup, just the way your child wants it. Its what every kid deserves. Includes a toy, choice of side and drink.",278 kcal,https://www.wendys.com/en-gb/menu-items/kids-hamburger
Wendy's,Wendy's Kids' Meal,Kids' Cheeseburger,https://www.wendys.com/sites/default/files/styles/max_650x650/public/2025-11/Kids%20CB%20UK_0.png?itok=i0hX32cO,"Fresh, never frozen beef and melted American cheese, hot off the grill and topped with ketchup, just the way your child wants it. One of the joys of childhood. Includes a toy, choice of side and drink.",317 kcal,https://www.wendys.com/en-gb/menu-items/kids-cheeseburger
Wendy's,Wendy's Kids' Meal,Kids' Meal Nuggets,https://www.wendys.com/sites/default/files/styles/max_650x650/public/2025-11/Kids%20Nuggets%20UK_0.png?itok=U3_Hqck5,"Kids’ Chicken Nuggets. 4 pieces of chicken fillet lightly breaded and fried to seal in the juicy goodness. Includes a toy, choice of side and drink.",114 kcal,https://www.wendys.com/en-gb/kids-meal-nuggets
Wendy's,Coffee & Beverages,Coke Zero Large Drink 20 oz,https://www.wendys.com/sites/default/files/styles/max_650x650/public/2025-06/Coca-Cola%20Zero_0.png?itok=mh44E7Pm,,0 kcal,https://www.wendys.com/en-gb/coke-zero-large-drink-20-oz
Wendy's,Coffee & Beverages,Coke Zero Medium Drink 16 oz,https://www.wendys.com/sites/default/files/styles/max_650x650/public/2025-06/Coca-Cola%20Zero_4.png?itok=5PRy-leD,,0 kcal,https://www.wendys.com/en-gb/coke-zero-medium-drink-16-oz
Wendy's,Coffee & Beverages,Coke Zero Small Drink 12 oz,https://www.wendys.com/sites/default/files/styles/max_650x650/public/2025-06/Coca-Cola%20Zero_2.png?itok=EDWB4ifx,,0 kcal,https://www.wendys.com/en-gb/coke-zero-small-drink-12-oz
Wendy's,Coffee & Beverages,Diet Coke Large Drink 20 oz,https://www.wendys.com/sites/default/files/styles/max_650x650/public/2025-06/Coca-Cola_3.png?itok=VKwTYa_6,,0 kcal,https://www.wendys.com/en-gb/diet-coke-large-drink-20-oz
Wendy's,Coffee & Beverages,Diet Coke Medium Drink 16 oz,,,0 kcal,https://www.wendys.com/en-gb/diet-coke-medium-drink-16-oz-0
Wendy's,Coffee & Beverages,Diet Coke Small Drink 12 oz,https://www.wendys.com/sites/default/files/styles/max_650x650/public/2025-06/Coca-Cola_1.png?itok=5coyTQzl,,0 kcal,https://www.wendys.com/en-gb/menu-items/diet-coke-small-drink-12-oz
Wendy's,Coffee & Beverages,Coke Large Drink 20 oz,https://www.wendys.com/sites/default/files/styles/max_650x650/public/2025-06/Coca-Cola_5.png?itok=LV7F3bgG,,252 kcal,https://www.wendys.com/en-gb/coke-large-drink-20-oz
Wendy's,Coffee & Beverages,Coke Small Drink 12 oz,https://www.wendys.com/sites/default/files/styles/max_650x650/public/2025-06/Coca-Cola_7.png?itok=C1NQbAPh,,152 kcal,https://www.wendys.com/en-gb/menu-items/coke-small-drink-12-oz
Wendy's,Coffee & Beverages,Sprite Zero Large Drink 20 oz,https://www.wendys.com/sites/default/files/styles/max_650x650/public/2025-06/Sprite_4.png?itok=MVx41tgs,,0 kcal,https://www.wendys.com/en-gb/sprite-zero-large-drink-20-oz
Wendy's,Coffee & Beverages,Sprite Zero Medium Drink 16 oz,https://www.wendys.com/sites/default/files/styles/max_650x650/public/2025-06/Sprite_2.png?itok=hpDdeeZl,,0 kcal,https://www.wendys.com/en-gb/sprite-zero-medium-drink-16-oz
Wendy's,Coffee & Beverages,Sprite Zero Small Drink 12 oz,https://www.wendys.com/sites/default/files/styles/max_650x650/public/2025-06/Sprite_0.png?itok=QXzFj8hm,,0 kcal,https://www.wendys.com/en-gb/sprite-zero-small-drink-12-oz
Wendy's,Coffee & Beverages,Orange Fanta Large Drink 20 oz,https://www.wendys.com/sites/default/files/styles/max_650x650/public/2025-06/Fanta_2.png?itok=OSFDGcaL,,108 kcal,https://www.wendys.com/en-gb/orange-fanta-large-drink-20-oz
Wendy's,Coffee & Beverages,Orange Fanta Medium Drink 16 oz,https://www.wendys.com/sites/default/files/styles/max_650x650/public/2025-06/Fanta_0.png?itok=yXePjeaf,,84 kcal,https://www.wendys.com/en-gb/orange-fanta-medium-drink-16-oz
Wendy's,Coffee & Beverages,Orange Fanta Small Drink 12 oz,https://www.wendys.com/sites/default/files/styles/max_650x650/public/2025-06/Fanta_4.png?itok=1F4guk9B,,64 kcal,https://www.wendys.com/en-gb/orange-fanta-small-drink-12-oz
Wendy's,Coffee & Beverages,Tea,https://www.wendys.com/sites/default/files/styles/max_650x650/public/2021-05/41969_CAN_Tea_MASTER%20copy_2.png?itok=qQSDB3wc,PG Tips with or without organic milk.,0 kcal,https://www.wendys.com/en-gb/menu-items/tea
Wendy's,Coffee & Beverages,Latte,https://www.wendys.com/sites/default/files/styles/max_650x650/public/2025-06/Latte.png?itok=E0m3ltQQ,A double shot of Wendy's signature espresso mixed with  semi skimmed milk steamed just the way you like it.,146 kcal,https://www.wendys.com/en-gb/menu-items/latte
Wendy's,Coffee & Beverages,Cappuccino,https://www.wendys.com/sites/default/files/styles/max_650x650/public/2025-06/Cappuccino%20.png?itok=LKW73XH9,Wendy's signature espresso bean blend with steamed  semi-skimmed milk with the perfect frothy texture.,93 kcal,https://www.wendys.com/en-gb/menu-items/cappuccino
Wendy's,Coffee & Beverages,Flat White,https://www.wendys.com/sites/default/files/styles/max_650x650/public/2025-06/Flat%20White.png?itok=RHqzeHoW,Wendy's signature blend of double shot espresso with steamed and slightly frothed semi-skimmed milk.,146 kcal,https://www.wendys.com/en-gb/menu-items/flat-white
Wendy's,Coffee & Beverages,Americano,https://www.wendys.com/sites/default/files/styles/max_650x650/public/2025-06/Americano.png?itok=JSkEDIrl,Wendy's signature blend of espresso - a double shot with added water. The perfect tasting Americano!,0 kcal,https://www.wendys.com/en-gb/menu-items/americano
Wendy's,Coffee & Beverages,Espresso,https://www.wendys.com/sites/default/files/styles/max_650x650/public/2025-06/Espresso.png?itok=EFQCe1ZO,"Wendy's signature espresso, a perfect blend to start your day.",0 kcal,https://www.wendys.com/en-gb/menu-items/espresso
Wendy's,Coffee & Beverages,Mocha,https://www.wendys.com/sites/default/files/styles/max_650x650/public/2025-06/Mocha.png?itok=Pm7fM_T5,Our signature latte with added chocolate.,189 kcal,https://www.wendys.com/en-gb/menu-items/mocha
Wendy's,Coffee & Beverages,Hot Chocolate,https://www.wendys.com/sites/default/files/styles/max_650x650/public/2025-06/Hot%20Choc.png?itok=OzbS_FdH,"Warm, rich chocolate…yes please!",240 kcal,https://www.wendys.com/en-gb/menu-items/hot-chocolate
Wendy's,Coffee & Beverages,Vanilla Frostyccino 12oz,https://www.wendys.com/sites/default/files/styles/max_650x650/public/2024-06/DELIVERECT_Frosty-ccino_Vanilla_UK_0.png?itok=cZ97KXRE,Iced espresso swirled with our legendary vanilla Frosty mix.,180 kcal,https://www.wendys.com/en-gb/vanilla-frostyccino-12oz
Wendy's,Coffee & Beverages,Vanilla Frostyccino 16oz,https://www.wendys.com/sites/default/files/styles/max_650x650/public/2024-06/DELIVERECT_Frosty-ccino_Vanilla_UK_2.png?itok=Ed7HRTPr,Iced espresso swirled with our legendary vanilla Frosty mix.,189 kcal,https://www.wendys.com/en-gb/vanilla-frostyccino-16oz
Wendy's,Coffee & Beverages,Chocolate Frostyccino 12oz,https://www.wendys.com/sites/default/files/styles/max_650x650/public/2024-06/DELIVERECT_Frosty-ccino_Choc_UK_0.png?itok=xfFaSeKI,Iced espresso swirled with our legendary chocolate Frosty mix.,169 kcal,https://www.wendys.com/en-gb/chocolate-frostyccino-12oz
Wendy's,Coffee & Beverages,Chocolate Frostyccino 16oz,https://www.wendys.com/sites/default/files/styles/max_650x650/public/2024-06/DELIVERECT_Frosty-ccino_Choc_UK_2.png?itok=k-sDevyM,Iced espresso swirled with our legendary chocolate Frosty mix.,178 kcal,https://www.wendys.com/en-gb/chocolate-frostyccino-16oz
